hari abcd abc@gmail.com
msh adsfkk kafdkl@jsklf.com
naveen harinaveen 123@gmail.com
naveen 1234 abnadf@fakl.com
dino dinosaur adfkdsa@alfjk.com
rishi kesavan afasd@jalf.com
chandru chan adkfj@slfkkl.com
chandru mushroom ancdafj@jddfl.codm
ABC 123 ABC
hp abcd abcd
kfajd fasjk jafk@gmail.com
jfasf lkkfka ajfdlkf@jgaf.com
adfadf abcd kfjas@jflds.com
qwerty abcd@12A dfjkalf@lasdfj.com
qweert laksfd12A fjjf@jflka.com
chandhru abc@123A alsf@gmail.com
rishik7 abc@123B rishi@gmail.com
sidd Sidd@123 r.sidd.2000@gmail.com
dilip Abc@123 dilip@gmail.com
msm kavithaMSM123$ msm@gmail.com
mmsm mkavithaMSM123$ mmsm@gmail.com
scv hfdgt5Q@ gfbtdht@gmail.com
mmm Mmm1! mmm@gmail.com
